timestamp,division,store_id,sku_id,product_name,attempt_type,reason_code,user_session
2025-09-01 05:40:38,Div 1,21,SKU-ORG-001,Orange,add_to_cart_fail,LowStock,USR82240
2025-09-01 10:10:23,Div 1,25,SKU-ORG-001,Orange,search_fail,OOS,USR26023
2025-09-01 14:42:07,Div 1,2,SKU-WML-001,Watermelon,search_fail,OOS,USR16265
2025-09-01 20:01:23,Div 1,32,SKU-BER-001,Blueberry,add_to_cart_fail,LowStock,USR77969
2025-09-01 20:32:11,Div 1,32,SKU-BER-001,Blueberry,add_to_cart_fail,OOS,USR35658
2025-09-02 01:05:53,Div 1,15,SKU-BER-001,Blueberry,add_to_cart_fail,OOS,USR19692
2025-09-02 02:36:50,Div 1,2,SKU-PUM-001,Pumpkin,search_fail,OOS,USR90038
2025-09-02 05:16:34,Div 1,28,SKU-PUM-001,Pumpkin,add_to_cart_fail,LowStock,USR19686
2025-09-02 07:13:22,Div 1,25,SKU-PUM-001,Pumpkin,add_to_cart_fail,OOS,USR65591
2025-09-02 07:46:34,Div 1,7,SKU-PUM-001,Pumpkin,add_to_cart_fail,OOS,USR77121
2025-09-02 08:25:52,Div 1,2,SKU-PUM-001,Pumpkin,add_to_cart_fail,OOS,USR33483
2025-09-02 12:40:28,Div 1,25,SKU-PUM-001,Pumpkin,search_fail,OOS,USR58984
2025-09-02 15:14:46,Div 1,2,SKU-BER-001,Blueberry,add_to_cart_fail,OOS,USR66886
2025-09-02 17:03:24,Div 1,2,SKU-PUM-001,Pumpkin,add_to_cart_fail,OOS,USR53001
2025-09-02 17:25:43,Div 1,15,SKU-BER-001,Blueberry,add_to_cart_fail,OOS,USR42606
2025-09-02 18:04:18,Div 1,8,SKU-BAN-001,Banana,add_to_cart_fail,LowStock,USR65677
2025-09-02 20:15:44,Div 1,25,SKU-PUM-001,Pumpkin,add_to_cart_fail,OOS,USR96807
2025-09-03 02:00:34,Div 1,21,SKU-PUM-001,Pumpkin,search_fail,LowStock,USR37266
2025-09-03 04:41:38,Div 1,18,SKU-PUM-001,Pumpkin,add_to_cart_fail,OOS,USR32662
2025-09-03 09:59:12,Div 1,23,SKU-BER-001,Blueberry,search_fail,OOS,USR64268
2025-09-03 11:33:32,Div 1,21,SKU-PUM-001,Pumpkin,add_to_cart_fail,OOS,USR87373
2025-09-03 18:16:07,Div 1,18,SKU-PUM-001,Pumpkin,search_fail,OOS,USR22666
2025-09-03 22:13:38,Div 1,23,SKU-BER-001,Blueberry,search_fail,OOS,USR97054
2025-09-03 23:00:43,Div 1,18,SKU-PUM-001,Pumpkin,add_to_cart_fail,OOS,USR15258
2025-09-03 23:36:34,Div 1,21,SKU-PUM-001,Pumpkin,add_to_cart_fail,OOS,USR34538
2025-09-04 00:00:18,Div 1,32,SKU-BAN-001,Banana,add_to_cart_fail,OOS,USR60859
2025-09-04 00:50:41,Div 1,25,SKU-ORG-001,Orange,add_to_cart_fail,OOS,USR83530
2025-09-04 04:22:38,Div 1,8,SKU-APP-002,Apple,search_fail,OOS,USR43827
2025-09-04 06:32:00,Div 1,12,SKU-BAN-001,Banana,search_fail,OOS,USR16776
2025-09-04 08:02:38,Div 1,25,SKU-ORG-001,Orange,add_to_cart_fail,OOS,USR13748
2025-09-04 12:31:06,Div 1,8,SKU-APP-002,Apple,search_fail,OOS,USR32299
2025-09-04 12:56:52,Div 1,12,SKU-BAN-001,Banana,add_to_cart_fail,OOS,USR79163
2025-09-04 16:58:48,Div 1,32,SKU-BER-001,Blueberry,add_to_cart_fail,OOS,USR10854
2025-09-04 19:07:21,Div 1,28,SKU-PUM-001,Pumpkin,add_to_cart_fail,LowStock,USR70963
2025-09-04 19:11:38,Div 1,30,SKU-WML-001,Watermelon,add_to_cart_fail,OOS,USR77172
2025-09-04 19:29:10,Div 1,12,SKU-BAN-001,Banana,add_to_cart_fail,LowStock,USR25707
2025-09-04 21:31:31,Div 1,25,SKU-ORG-001,Orange,add_to_cart_fail,OOS,USR64384
2025-09-05 01:59:04,Div 1,23,SKU-BER-001,Blueberry,add_to_cart_fail,LowStock,USR46378
2025-09-05 05:31:54,Div 1,2,SKU-PUM-001,Pumpkin,add_to_cart_fail,OOS,USR22688
2025-09-05 06:17:39,Div 1,35,SKU-BER-001,Blueberry,search_fail,OOS,USR83656
2025-09-05 15:15:32,Div 1,15,SKU-PUM-001,Pumpkin,search_fail,OOS,USR61663
2025-09-05 17:22:30,Div 1,35,SKU-BER-001,Blueberry,add_to_cart_fail,OOS,USR26646
2025-09-05 19:31:06,Div 1,35,SKU-BER-001,Blueberry,add_to_cart_fail,LowStock,USR93879
2025-09-05 19:59:58,Div 1,30,SKU-BER-001,Blueberry,add_to_cart_fail,OOS,USR44754
2025-09-05 23:04:51,Div 1,15,SKU-PUM-001,Pumpkin,add_to_cart_fail,OOS,USR44698
2025-09-06 00:23:51,Div 1,32,SKU-PUM-001,Pumpkin,search_fail,LowStock,USR15539
2025-09-06 02:18:47,Div 1,30,SKU-PUM-001,Pumpkin,add_to_cart_fail,LowStock,USR16295
2025-09-06 15:11:04,Div 1,7,SKU-PUM-001,Pumpkin,search_fail,LowStock,USR82694
2025-09-06 15:56:51,Div 1,7,SKU-PUM-001,Pumpkin,add_to_cart_fail,OOS,USR41616
2025-09-06 16:34:43,Div 1,2,SKU-BAN-001,Banana,add_to_cart_fail,LowStock,USR27014
2025-09-07 08:35:32,Div 1,30,SKU-WML-001,Watermelon,add_to_cart_fail,OOS,USR96831
2025-09-07 17:45:17,Div 1,30,SKU-WML-001,Watermelon,add_to_cart_fail,OOS,USR71135
2025-09-07 19:34:47,Div 1,30,SKU-WML-001,Watermelon,add_to_cart_fail,LowStock,USR12200
2025-09-08 00:27:46,Div 1,15,SKU-WML-001,Watermelon,add_to_cart_fail,LowStock,USR50764
2025-09-08 00:51:20,Div 1,30,SKU-LEF-001,Lettuce,add_to_cart_fail,LowStock,USR95314
2025-09-08 07:06:02,Div 1,7,SKU-LEF-001,Lettuce,search_fail,OOS,USR80091
2025-09-08 09:30:53,Div 1,32,SKU-BER-001,Blueberry,add_to_cart_fail,LowStock,USR61885
2025-09-08 13:52:05,Div 1,30,SKU-LEF-001,Lettuce,search_fail,OOS,USR43828
2025-09-08 14:03:44,Div 1,8,SKU-ORG-001,Orange,add_to_cart_fail,LowStock,USR99099
2025-09-08 15:18:03,Div 1,15,SKU-WML-001,Watermelon,search_fail,OOS,USR83744
2025-09-08 18:21:54,Div 1,7,SKU-LEF-001,Lettuce,add_to_cart_fail,OOS,USR89909
2025-09-08 18:53:07,Div 1,15,SKU-WML-001,Watermelon,search_fail,OOS,USR58404
2025-09-08 23:28:48,Div 1,30,SKU-LEF-001,Lettuce,add_to_cart_fail,LowStock,USR76235
2025-09-09 05:17:44,Div 1,23,SKU-WML-001,Watermelon,search_fail,LowStock,USR86957
2025-09-09 14:21:22,Div 1,5,SKU-BER-001,Blueberry,add_to_cart_fail,OOS,USR20729
2025-09-10 01:01:31,Div 1,7,SKU-PUM-001,Pumpkin,search_fail,OOS,USR62921
2025-09-10 05:14:53,Div 1,18,SKU-BER-001,Blueberry,search_fail,OOS,USR90135
2025-09-10 07:45:15,Div 1,5,SKU-LEF-001,Lettuce,add_to_cart_fail,LowStock,USR65766
2025-09-10 08:00:10,Div 1,21,SKU-PUM-001,Pumpkin,search_fail,LowStock,USR48067
2025-09-10 09:54:25,Div 1,2,SKU-PUM-001,Pumpkin,search_fail,OOS,USR20647
2025-09-10 11:43:04,Div 1,28,SKU-APP-002,Apple,search_fail,OOS,USR76412
2025-09-10 12:59:57,Div 1,2,SKU-PUM-001,Pumpkin,search_fail,OOS,USR80316
2025-09-10 16:39:32,Div 1,2,SKU-PUM-001,Pumpkin,search_fail,OOS,USR64748
2025-09-10 17:59:41,Div 1,32,SKU-WML-001,Watermelon,add_to_cart_fail,OOS,USR83847
2025-09-10 19:29:46,Div 1,28,SKU-APP-002,Apple,search_fail,OOS,USR83523
2025-09-10 21:57:57,Div 1,18,SKU-BER-001,Blueberry,add_to_cart_fail,OOS,USR80313
2025-09-11 06:40:48,Div 1,3,SKU-BER-001,Blueberry,search_fail,LowStock,USR72438
2025-09-11 22:25:36,Div 1,18,SKU-APP-002,Apple,add_to_cart_fail,LowStock,USR61990
2025-09-12 04:46:48,Div 1,7,SKU-BER-001,Blueberry,add_to_cart_fail,LowStock,USR70403
2025-09-12 06:04:21,Div 1,5,SKU-BER-001,Blueberry,search_fail,OOS,USR95067
2025-09-12 11:07:19,Div 1,28,SKU-ORG-001,Orange,search_fail,LowStock,USR91437
2025-09-12 11:52:00,Div 1,3,SKU-BAN-001,Banana,add_to_cart_fail,LowStock,USR56175
2025-09-12 15:24:39,Div 1,5,SKU-BER-001,Blueberry,search_fail,OOS,USR13343
2025-09-12 15:25:25,Div 1,23,SKU-WML-001,Watermelon,add_to_cart_fail,LowStock,USR72752
2025-09-12 18:36:21,Div 1,7,SKU-BER-001,Blueberry,search_fail,OOS,USR19435
2025-09-13 01:50:49,Div 1,28,SKU-WML-001,Watermelon,search_fail,OOS,USR35351
2025-09-13 03:15:23,Div 1,25,SKU-PUM-001,Pumpkin,add_to_cart_fail,OOS,USR59115
2025-09-13 04:22:57,Div 1,8,SKU-WML-001,Watermelon,add_to_cart_fail,LowStock,USR78385
2025-09-13 05:21:17,Div 1,21,SKU-WML-001,Watermelon,add_to_cart_fail,LowStock,USR14895
2025-09-13 09:25:33,Div 1,32,SKU-PUM-001,Pumpkin,search_fail,OOS,USR13267
2025-09-13 09:57:18,Div 1,8,SKU-BAN-001,Banana,add_to_cart_fail,OOS,USR51975
2025-09-13 10:36:11,Div 1,28,SKU-WML-001,Watermelon,search_fail,LowStock,USR79449
2025-09-13 10:43:28,Div 1,28,SKU-WML-001,Watermelon,search_fail,OOS,USR13373
2025-09-13 14:34:27,Div 1,15,SKU-LEF-001,Lettuce,search_fail,LowStock,USR33711
2025-09-13 19:23:11,Div 1,25,SKU-PUM-001,Pumpkin,add_to_cart_fail,OOS,USR14000
2025-09-13 21:43:57,Div 1,2,SKU-APP-002,Apple,search_fail,LowStock,USR84069
2025-09-14 08:27:45,Div 1,8,SKU-ORG-001,Orange,search_fail,LowStock,USR16406
2025-09-14 12:22:24,Div 1,18,SKU-ORG-001,Orange,search_fail,OOS,USR24397
2025-09-14 16:34:47,Div 1,18,SKU-ORG-001,Orange,add_to_cart_fail,OOS,USR75510
2025-09-14 17:44:10,Div 1,3,SKU-PUM-001,Pumpkin,search_fail,OOS,USR43496
2025-09-14 18:11:08,Div 1,28,SKU-LEF-001,Lettuce,search_fail,LowStock,USR61934
2025-09-14 19:18:57,Div 1,28,SKU-LEF-001,Lettuce,search_fail,OOS,USR99112
2025-09-14 19:58:20,Div 1,28,SKU-LEF-001,Lettuce,add_to_cart_fail,LowStock,USR76703
2025-09-14 20:56:35,Div 1,3,SKU-PUM-001,Pumpkin,add_to_cart_fail,OOS,USR45735
2025-09-14 21:12:58,Div 1,28,SKU-BER-001,Blueberry,search_fail,OOS,USR26779
2025-09-14 23:22:31,Div 1,18,SKU-ORG-001,Orange,search_fail,OOS,USR30150
2025-09-15 01:59:22,Div 1,23,SKU-ORG-001,Orange,search_fail,LowStock,USR81966
2025-09-15 02:22:28,Div 1,15,SKU-APP-002,Apple,search_fail,OOS,USR82267
2025-09-15 12:52:41,Div 1,15,SKU-APP-002,Apple,add_to_cart_fail,OOS,USR19348
2025-09-15 23:59:45,Div 1,15,SKU-ORG-001,Orange,search_fail,LowStock,USR48467
2025-09-16 05:18:07,Div 1,28,SKU-WML-001,Watermelon,add_to_cart_fail,LowStock,USR93285
2025-09-16 09:08:49,Div 1,3,SKU-PUM-001,Pumpkin,search_fail,OOS,USR93460
2025-09-16 11:16:37,Div 1,3,SKU-PUM-001,Pumpkin,search_fail,OOS,USR60343
2025-09-16 18:38:02,Div 1,35,SKU-PUM-001,Pumpkin,search_fail,OOS,USR19435
2025-09-16 18:43:53,Div 1,35,SKU-PUM-001,Pumpkin,search_fail,OOS,USR65129
2025-09-16 19:16:06,Div 1,28,SKU-WML-001,Watermelon,search_fail,OOS,USR45909
2025-09-17 00:02:12,Div 1,15,SKU-WML-001,Watermelon,add_to_cart_fail,LowStock,USR38016
2025-09-17 00:37:52,Div 1,15,SKU-BAN-001,Banana,add_to_cart_fail,LowStock,USR32700
2025-09-17 01:34:17,Div 1,12,SKU-BER-001,Blueberry,add_to_cart_fail,LowStock,USR65249
2025-09-17 19:27:07,Div 1,15,SKU-WML-001,Watermelon,search_fail,LowStock,USR52918
2025-09-17 20:15:53,Div 1,35,SKU-WML-001,Watermelon,search_fail,LowStock,USR31732
2025-09-18 00:52:53,Div 1,18,SKU-ORG-001,Orange,add_to_cart_fail,OOS,USR51430
2025-09-18 10:09:08,Div 1,30,SKU-BER-001,Blueberry,add_to_cart_fail,LowStock,USR67784
2025-09-18 10:11:09,Div 1,18,SKU-ORG-001,Orange,add_to_cart_fail,OOS,USR33959
2025-09-18 18:19:56,Div 1,5,SKU-BAN-001,Banana,add_to_cart_fail,OOS,USR62528
2025-09-19 07:57:27,Div 1,8,SKU-APP-002,Apple,add_to_cart_fail,OOS,USR94665
2025-09-19 12:45:34,Div 1,32,SKU-PUM-001,Pumpkin,search_fail,LowStock,USR66178
2025-09-19 16:08:32,Div 1,8,SKU-PUM-001,Pumpkin,search_fail,LowStock,USR45547
2025-09-19 17:27:27,Div 1,8,SKU-APP-002,Apple,search_fail,LowStock,USR30159
2025-09-19 20:16:21,Div 1,23,SKU-BER-001,Blueberry,add_to_cart_fail,LowStock,USR78388
2025-09-20 00:20:47,Div 1,28,SKU-ORG-001,Orange,search_fail,LowStock,USR28384
2025-09-20 04:09:09,Div 1,30,SKU-LEF-001,Lettuce,search_fail,OOS,USR66397
2025-09-20 04:30:04,Div 1,28,SKU-ORG-001,Orange,add_to_cart_fail,LowStock,USR33574
2025-09-20 08:45:00,Div 1,30,SKU-LEF-001,Lettuce,search_fail,OOS,USR67091
2025-09-20 12:04:54,Div 1,23,SKU-PUM-001,Pumpkin,add_to_cart_fail,OOS,USR37712
2025-09-20 14:24:01,Div 1,23,SKU-PUM-001,Pumpkin,add_to_cart_fail,LowStock,USR33793
2025-09-20 14:48:10,Div 1,25,SKU-WML-001,Watermelon,search_fail,OOS,USR72680
2025-09-20 16:12:32,Div 1,28,SKU-ORG-001,Orange,add_to_cart_fail,OOS,USR18702
2025-09-20 22:15:41,Div 1,3,SKU-APP-002,Apple,add_to_cart_fail,LowStock,USR98733
2025-09-21 02:15:06,Div 1,25,SKU-WML-001,Watermelon,add_to_cart_fail,LowStock,USR50461
2025-09-21 16:39:31,Div 1,23,SKU-PUM-001,Pumpkin,add_to_cart_fail,OOS,USR17239
2025-09-22 01:10:50,Div 1,3,SKU-WML-001,Watermelon,search_fail,OOS,USR88587
2025-09-22 01:51:56,Div 1,8,SKU-PUM-001,Pumpkin,add_to_cart_fail,OOS,USR52318
2025-09-22 01:53:53,Div 1,2,SKU-PUM-001,Pumpkin,search_fail,OOS,USR47131
2025-09-22 11:04:29,Div 1,3,SKU-WML-001,Watermelon,add_to_cart_fail,OOS,USR98464
2025-09-22 12:42:42,Div 1,35,SKU-WML-001,Watermelon,add_to_cart_fail,OOS,USR16254
2025-09-22 15:46:22,Div 1,3,SKU-WML-001,Watermelon,search_fail,OOS,USR87709
2025-09-22 16:09:16,Div 1,28,SKU-BER-001,Blueberry,add_to_cart_fail,OOS,USR83477
2025-09-22 17:33:17,Div 1,8,SKU-PUM-001,Pumpkin,add_to_cart_fail,OOS,USR71886
2025-09-22 22:41:50,Div 1,8,SKU-PUM-001,Pumpkin,search_fail,LowStock,USR49811
2025-09-23 03:55:24,Div 1,28,SKU-APP-002,Apple,search_fail,LowStock,USR43434
2025-09-23 08:14:20,Div 1,21,SKU-ORG-001,Orange,search_fail,LowStock,USR16721
2025-09-23 22:15:30,Div 1,2,SKU-BER-001,Blueberry,search_fail,OOS,USR34071
2025-09-24 01:48:13,Div 1,15,SKU-WML-001,Watermelon,add_to_cart_fail,OOS,USR33624
2025-09-24 09:21:20,Div 1,5,SKU-PUM-001,Pumpkin,add_to_cart_fail,OOS,USR26907
2025-09-24 17:57:50,Div 1,5,SKU-PUM-001,Pumpkin,search_fail,LowStock,USR97505
2025-09-25 09:24:01,Div 1,25,SKU-WML-001,Watermelon,search_fail,LowStock,USR73740
2025-09-25 11:00:56,Div 1,7,SKU-APP-002,Apple,add_to_cart_fail,LowStock,USR23395
2025-09-25 14:46:55,Div 1,28,SKU-LEF-001,Lettuce,add_to_cart_fail,OOS,USR38699
2025-09-25 14:56:21,Div 1,8,SKU-PUM-001,Pumpkin,search_fail,OOS,USR29262
2025-09-25 16:25:35,Div 1,12,SKU-WML-001,Watermelon,search_fail,OOS,USR89714
2025-09-26 01:34:06,Div 1,5,SKU-BER-001,Blueberry,search_fail,LowStock,USR42117
2025-09-26 02:50:14,Div 1,18,SKU-ORG-001,Orange,add_to_cart_fail,OOS,USR20267
2025-09-26 20:07:37,Div 1,25,SKU-ORG-001,Orange,add_to_cart_fail,LowStock,USR83794
2025-09-26 22:45:42,Div 1,18,SKU-ORG-001,Orange,search_fail,OOS,USR98869
2025-09-26 23:01:44,Div 1,18,SKU-BER-001,Blueberry,add_to_cart_fail,OOS,USR15126
2025-09-27 00:52:21,Div 1,30,SKU-WML-001,Watermelon,search_fail,OOS,USR81158
2025-09-27 01:58:55,Div 1,30,SKU-WML-001,Watermelon,search_fail,LowStock,USR13812
2025-09-27 03:46:21,Div 1,18,SKU-BER-001,Blueberry,add_to_cart_fail,OOS,USR87735
2025-09-27 15:03:29,Div 1,30,SKU-WML-001,Watermelon,search_fail,OOS,USR86125
2025-09-27 16:38:21,Div 1,12,SKU-BER-001,Blueberry,add_to_cart_fail,OOS,USR14632
2025-09-27 16:43:18,Div 1,18,SKU-BER-001,Blueberry,add_to_cart_fail,OOS,USR72981
2025-09-27 19:24:03,Div 1,18,SKU-BER-001,Blueberry,add_to_cart_fail,OOS,USR36734
2025-09-28 01:14:10,Div 1,32,SKU-LEF-001,Lettuce,add_to_cart_fail,OOS,USR98236
2025-09-28 05:01:19,Div 1,32,SKU-LEF-001,Lettuce,add_to_cart_fail,LowStock,USR97886
2025-09-28 05:31:28,Div 1,32,SKU-BAN-001,Banana,search_fail,LowStock,USR96269
2025-09-28 05:53:48,Div 1,32,SKU-LEF-001,Lettuce,add_to_cart_fail,OOS,USR23234
2025-09-28 22:08:54,Div 1,12,SKU-BAN-001,Banana,search_fail,OOS,USR14324
2025-09-29 01:19:00,Div 1,28,SKU-WML-001,Watermelon,search_fail,OOS,USR29216
2025-09-29 04:10:35,Div 1,15,SKU-PUM-001,Pumpkin,search_fail,OOS,USR30128
2025-09-29 05:25:53,Div 1,3,SKU-ORG-001,Orange,add_to_cart_fail,OOS,USR59376
2025-09-29 12:30:13,Div 1,8,SKU-BAN-001,Banana,add_to_cart_fail,LowStock,USR62188
2025-09-29 19:48:11,Div 1,3,SKU-ORG-001,Orange,search_fail,OOS,USR88477
2025-09-29 23:09:04,Div 1,21,SKU-WML-001,Watermelon,search_fail,OOS,USR49809
2025-09-30 01:11:34,Div 1,12,SKU-ORG-001,Orange,search_fail,LowStock,USR46159
2025-09-30 02:20:36,Div 1,23,SKU-APP-002,Apple,search_fail,OOS,USR10077
2025-09-30 03:24:44,Div 1,23,SKU-PUM-001,Pumpkin,add_to_cart_fail,OOS,USR53303
2025-09-30 07:38:39,Div 1,23,SKU-PUM-001,Pumpkin,add_to_cart_fail,LowStock,USR83340
2025-09-30 11:49:13,Div 1,12,SKU-ORG-001,Orange,search_fail,OOS,USR80792
2025-09-30 14:23:37,Div 1,2,SKU-APP-002,Apple,search_fail,OOS,USR52078
2025-09-30 21:59:28,Div 1,12,SKU-ORG-001,Orange,add_to_cart_fail,LowStock,USR68596
2025-10-01 02:06:50,Div 1,30,SKU-PUM-001,Pumpkin,add_to_cart_fail,OOS,USR66819
2025-10-01 13:52:39,Div 1,5,SKU-PUM-001,Pumpkin,add_to_cart_fail,OOS,USR77506
2025-10-01 22:14:32,Div 1,5,SKU-LEF-001,Lettuce,search_fail,OOS,USR21246
2025-10-02 00:51:29,Div 1,23,SKU-BAN-001,Banana,search_fail,OOS,USR61356
2025-10-02 03:21:01,Div 1,35,SKU-PUM-001,Pumpkin,add_to_cart_fail,OOS,USR53872
2025-10-02 05:56:32,Div 1,23,SKU-BAN-001,Banana,search_fail,OOS,USR92870
2025-10-03 07:04:28,Div 1,21,SKU-BER-001,Blueberry,search_fail,OOS,USR13756
2025-10-03 07:59:42,Div 1,35,SKU-PUM-001,Pumpkin,add_to_cart_fail,OOS,USR90879
2025-10-03 10:09:39,Div 1,25,SKU-WML-001,Watermelon,add_to_cart_fail,OOS,USR65318
2025-10-03 12:30:46,Div 1,18,SKU-PUM-001,Pumpkin,add_to_cart_fail,OOS,USR74435
2025-10-03 13:42:11,Div 1,28,SKU-WML-001,Watermelon,add_to_cart_fail,OOS,USR27368
2025-10-03 18:50:35,Div 1,25,SKU-WML-001,Watermelon,add_to_cart_fail,OOS,USR81315
2025-10-04 08:53:50,Div 1,30,SKU-ORG-001,Orange,search_fail,OOS,USR78904
2025-10-04 19:33:13,Div 1,35,SKU-LEF-001,Lettuce,add_to_cart_fail,LowStock,USR15782
2025-10-04 23:36:07,Div 1,30,SKU-ORG-001,Orange,search_fail,OOS,USR75310
2025-10-05 00:45:15,Div 1,28,SKU-BER-001,Blueberry,add_to_cart_fail,LowStock,USR83965
2025-10-05 01:26:16,Div 1,15,SKU-WML-001,Watermelon,add_to_cart_fail,OOS,USR80507
2025-10-05 03:53:22,Div 1,5,SKU-BAN-001,Banana,search_fail,OOS,USR63173
2025-10-05 09:51:56,Div 1,8,SKU-WML-001,Watermelon,search_fail,OOS,USR50738
2025-10-05 17:20:48,Div 1,35,SKU-LEF-001,Lettuce,search_fail,LowStock,USR29816
2025-10-05 19:24:25,Div 1,8,SKU-WML-001,Watermelon,search_fail,LowStock,USR18070
2025-10-05 21:23:24,Div 1,35,SKU-LEF-001,Lettuce,search_fail,OOS,USR29956
2025-10-05 22:00:45,Div 1,5,SKU-BAN-001,Banana,search_fail,LowStock,USR11645
2025-10-05 22:50:39,Div 1,5,SKU-BAN-001,Banana,search_fail,OOS,USR66264
2025-10-05 23:32:48,Div 1,35,SKU-LEF-001,Lettuce,search_fail,OOS,USR14757
2025-10-06 02:23:22,Div 1,30,SKU-WML-001,Watermelon,search_fail,OOS,USR84055
2025-10-06 05:50:03,Div 1,25,SKU-WML-001,Watermelon,search_fail,OOS,USR22342
2025-10-06 09:09:18,Div 1,30,SKU-WML-001,Watermelon,add_to_cart_fail,OOS,USR91974
2025-10-06 12:22:27,Div 1,12,SKU-APP-002,Apple,search_fail,LowStock,USR58231
2025-10-06 12:29:22,Div 1,7,SKU-BER-001,Blueberry,search_fail,OOS,USR68066
2025-10-06 13:50:46,Div 1,15,SKU-BAN-001,Banana,add_to_cart_fail,OOS,USR48000
2025-10-06 16:44:28,Div 1,7,SKU-BER-001,Blueberry,add_to_cart_fail,LowStock,USR99106
2025-10-06 17:06:28,Div 1,30,SKU-WML-001,Watermelon,add_to_cart_fail,OOS,USR86534
2025-10-06 19:02:34,Div 1,30,SKU-PUM-001,Pumpkin,search_fail,LowStock,USR33429
2025-10-06 21:21:27,Div 1,2,SKU-PUM-001,Pumpkin,search_fail,LowStock,USR30806
2025-10-07 04:53:20,Div 1,32,SKU-BER-001,Blueberry,add_to_cart_fail,OOS,USR27327
2025-10-07 09:06:32,Div 1,32,SKU-BAN-001,Banana,search_fail,LowStock,USR30079
2025-10-07 14:36:02,Div 1,5,SKU-BER-001,Blueberry,search_fail,OOS,USR89111
2025-10-07 23:13:31,Div 1,28,SKU-PUM-001,Pumpkin,add_to_cart_fail,LowStock,USR22175
2025-10-08 03:28:59,Div 1,2,SKU-BER-001,Blueberry,add_to_cart_fail,LowStock,USR33236
2025-10-08 08:33:52,Div 1,15,SKU-BER-001,Blueberry,add_to_cart_fail,OOS,USR27771
2025-10-08 09:01:02,Div 1,8,SKU-APP-002,Apple,search_fail,OOS,USR24596
2025-10-09 05:01:22,Div 1,12,SKU-BER-001,Blueberry,add_to_cart_fail,LowStock,USR29201
2025-10-09 09:29:55,Div 1,5,SKU-PUM-001,Pumpkin,search_fail,LowStock,USR96143
2025-10-09 17:50:16,Div 1,12,SKU-BAN-001,Banana,add_to_cart_fail,OOS,USR70774
2025-10-10 04:10:05,Div 1,32,SKU-LEF-001,Lettuce,add_to_cart_fail,OOS,USR48243
2025-10-10 08:37:33,Div 1,32,SKU-LEF-001,Lettuce,search_fail,OOS,USR88411
2025-10-10 21:42:45,Div 1,2,SKU-PUM-001,Pumpkin,add_to_cart_fail,OOS,USR86908
2025-10-11 01:11:44,Div 1,7,SKU-WML-001,Watermelon,search_fail,OOS,USR69052
2025-10-11 09:21:20,Div 1,2,SKU-ORG-001,Orange,search_fail,LowStock,USR92565
2025-10-11 16:25:20,Div 1,7,SKU-WML-001,Watermelon,add_to_cart_fail,OOS,USR46397
2025-10-11 20:10:39,Div 1,18,SKU-LEF-001,Lettuce,search_fail,OOS,USR34762
2025-10-11 21:42:00,Div 1,12,SKU-LEF-001,Lettuce,search_fail,OOS,USR97410
2025-10-11 23:41:29,Div 1,3,SKU-ORG-001,Orange,add_to_cart_fail,LowStock,USR83861
2025-10-12 01:52:08,Div 1,23,SKU-PUM-001,Pumpkin,search_fail,OOS,USR64912
2025-10-12 02:53:33,Div 1,5,SKU-BER-001,Blueberry,search_fail,OOS,USR14853
2025-10-12 10:39:41,Div 1,23,SKU-PUM-001,Pumpkin,search_fail,OOS,USR55186
2025-10-12 11:43:50,Div 1,35,SKU-WML-001,Watermelon,add_to_cart_fail,OOS,USR33051
2025-10-12 16:58:44,Div 1,23,SKU-PUM-001,Pumpkin,search_fail,OOS,USR42921
2025-10-12 23:32:57,Div 1,21,SKU-BAN-001,Banana,add_to_cart_fail,OOS,USR77298
2025-10-13 06:13:14,Div 1,21,SKU-PUM-001,Pumpkin,search_fail,OOS,USR21122
2025-10-13 07:24:17,Div 1,8,SKU-BAN-001,Banana,search_fail,OOS,USR37935
2025-10-13 07:30:20,Div 1,3,SKU-APP-002,Apple,search_fail,OOS,USR77957
2025-10-13 09:15:06,Div 1,8,SKU-BAN-001,Banana,search_fail,OOS,USR66276
2025-10-13 11:58:58,Div 1,2,SKU-BER-001,Blueberry,search_fail,OOS,USR59481
2025-10-13 16:13:30,Div 1,21,SKU-WML-001,Watermelon,add_to_cart_fail,OOS,USR67132
2025-10-13 16:46:11,Div 1,3,SKU-APP-002,Apple,add_to_cart_fail,LowStock,USR10338
2025-10-13 17:58:22,Div 1,21,SKU-WML-001,Watermelon,search_fail,OOS,USR64237
2025-10-13 19:38:34,Div 1,21,SKU-WML-001,Watermelon,add_to_cart_fail,OOS,USR76150
2025-10-14 04:42:39,Div 1,18,SKU-BER-001,Blueberry,add_to_cart_fail,OOS,USR88187
2025-10-14 17:32:15,Div 1,18,SKU-WML-001,Watermelon,search_fail,OOS,USR90765
2025-10-14 23:48:03,Div 1,18,SKU-WML-001,Watermelon,search_fail,OOS,USR17564
2025-10-15 02:41:33,Div 1,5,SKU-ORG-001,Orange,add_to_cart_fail,OOS,USR85532
2025-10-15 02:58:38,Div 1,7,SKU-LEF-001,Lettuce,add_to_cart_fail,OOS,USR39629
2025-10-15 03:17:36,Div 1,23,SKU-BAN-001,Banana,search_fail,OOS,USR45400
2025-10-15 04:51:41,Div 1,18,SKU-PUM-001,Pumpkin,add_to_cart_fail,LowStock,USR22329
2025-10-15 09:29:24,Div 1,12,SKU-BAN-001,Banana,search_fail,OOS,USR22676
2025-10-15 16:02:44,Div 1,23,SKU-BAN-001,Banana,add_to_cart_fail,OOS,USR44801
2025-10-15 16:28:52,Div 1,7,SKU-LEF-001,Lettuce,add_to_cart_fail,OOS,USR95431
2025-10-15 23:03:11,Div 1,30,SKU-ORG-001,Orange,search_fail,LowStock,USR55028
2025-10-16 00:52:15,Div 1,30,SKU-LEF-001,Lettuce,add_to_cart_fail,LowStock,USR75061
2025-10-16 05:38:55,Div 1,8,SKU-BER-001,Blueberry,search_fail,LowStock,USR39757
2025-10-16 06:51:03,Div 1,25,SKU-WML-001,Watermelon,search_fail,OOS,USR91470
2025-10-16 21:52:50,Div 1,25,SKU-WML-001,Watermelon,search_fail,OOS,USR50042
2025-10-17 02:37:12,Div 1,23,SKU-ORG-001,Orange,add_to_cart_fail,OOS,USR70504
2025-10-17 08:02:24,Div 1,28,SKU-WML-001,Watermelon,add_to_cart_fail,LowStock,USR39192
2025-10-17 08:48:57,Div 1,3,SKU-WML-001,Watermelon,search_fail,LowStock,USR91412
2025-10-17 09:34:49,Div 1,23,SKU-ORG-001,Orange,add_to_cart_fail,OOS,USR34578
2025-10-17 13:36:33,Div 1,28,SKU-WML-001,Watermelon,search_fail,LowStock,USR33874
2025-10-17 14:22:48,Div 1,5,SKU-WML-001,Watermelon,search_fail,LowStock,USR28297
2025-10-18 04:10:58,Div 1,18,SKU-WML-001,Watermelon,add_to_cart_fail,OOS,USR43742
2025-10-18 04:12:16,Div 1,35,SKU-APP-002,Apple,add_to_cart_fail,OOS,USR12396
2025-10-18 04:47:25,Div 1,25,SKU-PUM-001,Pumpkin,add_to_cart_fail,OOS,USR19903
2025-10-18 18:57:02,Div 1,35,SKU-APP-002,Apple,add_to_cart_fail,OOS,USR81719
2025-10-19 00:58:58,Div 1,2,SKU-PUM-001,Pumpkin,add_to_cart_fail,OOS,USR43130
2025-10-19 10:44:57,Div 1,25,SKU-LEF-001,Lettuce,search_fail,OOS,USR57638
2025-10-19 12:32:05,Div 1,2,SKU-PUM-001,Pumpkin,add_to_cart_fail,OOS,USR29623
2025-10-19 20:41:35,Div 1,12,SKU-PUM-001,Pumpkin,search_fail,OOS,USR63947
2025-10-19 22:15:11,Div 1,18,SKU-PUM-001,Pumpkin,search_fail,LowStock,USR56479
2025-10-20 01:27:59,Div 1,12,SKU-BER-001,Blueberry,search_fail,LowStock,USR15084
2025-10-20 10:52:29,Div 1,3,SKU-BER-001,Blueberry,search_fail,OOS,USR28787
2025-10-20 12:28:11,Div 1,5,SKU-LEF-001,Lettuce,search_fail,OOS,USR70461
2025-10-20 12:34:47,Div 1,7,SKU-LEF-001,Lettuce,add_to_cart_fail,OOS,USR39257
2025-10-20 16:40:16,Div 1,5,SKU-LEF-001,Lettuce,add_to_cart_fail,OOS,USR22987
2025-10-21 02:51:11,Div 1,32,SKU-BER-001,Blueberry,search_fail,OOS,USR54064
2025-10-21 05:46:14,Div 1,32,SKU-BER-001,Blueberry,add_to_cart_fail,OOS,USR39241
2025-10-21 11:21:16,Div 1,12,SKU-LEF-001,Lettuce,add_to_cart_fail,OOS,USR30953
2025-10-21 17:44:01,Div 1,25,SKU-ORG-001,Orange,search_fail,LowStock,USR45585
2025-10-21 17:49:13,Div 1,15,SKU-WML-001,Watermelon,add_to_cart_fail,OOS,USR31195
2025-10-21 19:31:35,Div 1,12,SKU-LEF-001,Lettuce,add_to_cart_fail,LowStock,USR60192
2025-10-22 00:57:59,Div 1,30,SKU-ORG-001,Orange,add_to_cart_fail,OOS,USR11980
2025-10-22 01:45:33,Div 1,2,SKU-BER-001,Blueberry,search_fail,LowStock,USR99186
2025-10-22 06:14:54,Div 1,21,SKU-LEF-001,Lettuce,search_fail,OOS,USR33411
2025-10-22 14:13:19,Div 1,30,SKU-BAN-001,Banana,add_to_cart_fail,OOS,USR62930
2025-10-22 15:36:58,Div 1,30,SKU-BAN-001,Banana,add_to_cart_fail,OOS,USR73416
2025-10-22 16:43:55,Div 1,30,SKU-BAN-001,Banana,add_to_cart_fail,OOS,USR49214
2025-10-23 16:24:23,Div 1,8,SKU-PUM-001,Pumpkin,add_to_cart_fail,OOS,USR33019
2025-10-24 07:59:45,Div 1,23,SKU-BAN-001,Banana,search_fail,LowStock,USR78916
2025-10-24 13:49:51,Div 1,30,SKU-APP-002,Apple,search_fail,OOS,USR92879
2025-10-24 23:59:57,Div 1,32,SKU-WML-001,Watermelon,search_fail,OOS,USR10526
2025-10-25 00:59:37,Div 1,35,SKU-WML-001,Watermelon,search_fail,OOS,USR42981
2025-10-25 01:23:07,Div 1,23,SKU-WML-001,Watermelon,search_fail,LowStock,USR70112
2025-10-25 13:06:16,Div 1,21,SKU-WML-001,Watermelon,add_to_cart_fail,OOS,USR44531
2025-10-25 15:56:59,Div 1,23,SKU-WML-001,Watermelon,search_fail,OOS,USR59268
2025-10-25 17:29:17,Div 1,30,SKU-ORG-001,Orange,add_to_cart_fail,LowStock,USR36143
2025-10-25 18:23:40,Div 1,35,SKU-WML-001,Watermelon,search_fail,OOS,USR62269
2025-10-26 00:12:51,Div 1,25,SKU-APP-002,Apple,add_to_cart_fail,OOS,USR91061
2025-10-26 11:48:39,Div 1,28,SKU-PUM-001,Pumpkin,search_fail,OOS,USR59786
2025-10-26 13:57:49,Div 1,28,SKU-PUM-001,Pumpkin,search_fail,OOS,USR19078
2025-10-26 15:53:21,Div 1,8,SKU-BAN-001,Banana,add_to_cart_fail,OOS,USR84441
2025-10-26 17:59:32,Div 1,25,SKU-APP-002,Apple,add_to_cart_fail,OOS,USR55004
2025-10-26 21:32:35,Div 1,25,SKU-PUM-001,Pumpkin,search_fail,LowStock,USR15901
2025-10-27 05:08:38,Div 1,8,SKU-BER-001,Blueberry,search_fail,OOS,USR74881
2025-10-27 06:10:19,Div 1,18,SKU-BER-001,Blueberry,add_to_cart_fail,OOS,USR37961
2025-10-27 07:49:27,Div 1,18,SKU-BER-001,Blueberry,add_to_cart_fail,OOS,USR71550
2025-10-27 21:11:22,Div 1,23,SKU-PUM-001,Pumpkin,add_to_cart_fail,OOS,USR89148
2025-10-27 21:25:02,Div 1,18,SKU-BER-001,Blueberry,search_fail,OOS,USR46877
2025-10-27 21:42:14,Div 1,30,SKU-WML-001,Watermelon,add_to_cart_fail,LowStock,USR80971
2025-10-27 22:18:08,Div 1,15,SKU-LEF-001,Lettuce,search_fail,LowStock,USR71588
2025-10-28 05:41:31,Div 1,3,SKU-APP-002,Apple,search_fail,LowStock,USR49532
2025-10-28 18:54:45,Div 1,21,SKU-WML-001,Watermelon,add_to_cart_fail,OOS,USR38380
2025-10-28 21:04:19,Div 1,21,SKU-LEF-001,Lettuce,add_to_cart_fail,LowStock,USR72711
2025-10-28 22:52:54,Div 1,21,SKU-WML-001,Watermelon,add_to_cart_fail,OOS,USR30049
2025-10-29 02:08:07,Div 1,12,SKU-LEF-001,Lettuce,search_fail,LowStock,USR20106
2025-10-29 02:28:53,Div 1,30,SKU-ORG-001,Orange,search_fail,OOS,USR40027
2025-10-29 13:35:39,Div 1,23,SKU-BER-001,Blueberry,search_fail,LowStock,USR83379
2025-10-29 18:21:36,Div 1,21,SKU-WML-001,Watermelon,add_to_cart_fail,OOS,USR70315
2025-10-30 11:19:59,Div 1,5,SKU-LEF-001,Lettuce,add_to_cart_fail,OOS,USR90818
2025-10-30 20:30:57,Div 1,3,SKU-ORG-001,Orange,search_fail,LowStock,USR57908
2025-10-31 03:57:52,Div 1,32,SKU-BAN-001,Banana,add_to_cart_fail,OOS,USR53585
2025-10-31 14:33:35,Div 1,32,SKU-BAN-001,Banana,add_to_cart_fail,OOS,USR39426
2025-11-01 00:34:25,Div 1,2,SKU-PUM-001,Pumpkin,add_to_cart_fail,OOS,USR88301
2025-11-01 01:34:36,Div 1,23,SKU-BER-001,Blueberry,search_fail,OOS,USR31927
2025-11-01 08:53:59,Div 1,8,SKU-APP-002,Apple,search_fail,OOS,USR80135
2025-11-01 11:13:13,Div 1,3,SKU-LEF-001,Lettuce,add_to_cart_fail,OOS,USR74324
2025-11-01 19:01:38,Div 1,23,SKU-BER-001,Blueberry,add_to_cart_fail,OOS,USR71272
2025-11-01 21:11:02,Div 1,2,SKU-PUM-001,Pumpkin,search_fail,OOS,USR94878
2025-11-02 00:04:19,Div 1,12,SKU-PUM-001,Pumpkin,add_to_cart_fail,OOS,USR98576
2025-11-02 01:08:36,Div 1,21,SKU-WML-001,Watermelon,add_to_cart_fail,OOS,USR90896
2025-11-02 01:24:49,Div 1,30,SKU-PUM-001,Pumpkin,search_fail,LowStock,USR66503
2025-11-02 02:53:13,Div 1,8,SKU-WML-001,Watermelon,add_to_cart_fail,OOS,USR86619
2025-11-02 03:44:22,Div 1,8,SKU-WML-001,Watermelon,search_fail,OOS,USR62233
2025-11-02 04:11:36,Div 1,12,SKU-PUM-001,Pumpkin,search_fail,LowStock,USR36155
2025-11-02 05:36:52,Div 1,23,SKU-PUM-001,Pumpkin,search_fail,OOS,USR19200
2025-11-02 11:41:19,Div 1,30,SKU-PUM-001,Pumpkin,search_fail,OOS,USR75661
2025-11-02 14:14:05,Div 1,21,SKU-BER-001,Blueberry,add_to_cart_fail,OOS,USR44707
2025-11-02 21:19:27,Div 1,12,SKU-PUM-001,Pumpkin,search_fail,OOS,USR61886
2025-11-03 03:32:00,Div 1,23,SKU-BAN-001,Banana,search_fail,LowStock,USR29508
2025-11-03 04:12:28,Div 1,8,SKU-APP-002,Apple,search_fail,LowStock,USR78910
2025-11-03 07:46:39,Div 1,21,SKU-BAN-001,Banana,search_fail,OOS,USR52823
2025-11-03 10:09:29,Div 1,21,SKU-BAN-001,Banana,add_to_cart_fail,OOS,USR34089
2025-11-03 12:51:15,Div 1,12,SKU-WML-001,Watermelon,add_to_cart_fail,OOS,USR14470
2025-11-03 12:52:33,Div 1,25,SKU-APP-002,Apple,add_to_cart_fail,LowStock,USR27347
2025-11-03 15:04:40,Div 1,23,SKU-BAN-001,Banana,add_to_cart_fail,OOS,USR79569
2025-11-03 17:22:43,Div 1,12,SKU-WML-001,Watermelon,add_to_cart_fail,OOS,USR32911
2025-11-03 20:00:54,Div 1,18,SKU-LEF-001,Lettuce,add_to_cart_fail,OOS,USR23669
2025-11-03 21:46:33,Div 1,21,SKU-BAN-001,Banana,search_fail,LowStock,USR25577
2025-11-05 00:48:31,Div 1,35,SKU-PUM-001,Pumpkin,search_fail,OOS,USR89973
2025-11-05 01:37:45,Div 1,2,SKU-WML-001,Watermelon,add_to_cart_fail,OOS,USR74965
2025-11-05 05:08:32,Div 1,2,SKU-WML-001,Watermelon,search_fail,LowStock,USR82460
2025-11-05 08:52:12,Div 1,2,SKU-WML-001,Watermelon,search_fail,OOS,USR35923
2025-11-05 10:34:07,Div 1,35,SKU-PUM-001,Pumpkin,add_to_cart_fail,OOS,USR35537
2025-11-05 11:57:06,Div 1,7,SKU-ORG-001,Orange,search_fail,OOS,USR45643
2025-11-05 12:40:22,Div 1,7,SKU-ORG-001,Orange,search_fail,LowStock,USR13712
2025-11-05 23:53:06,Div 1,7,SKU-ORG-001,Orange,search_fail,OOS,USR99152
2025-11-06 02:20:25,Div 1,25,SKU-ORG-001,Orange,add_to_cart_fail,OOS,USR41348
2025-11-07 03:14:42,Div 1,21,SKU-PUM-001,Pumpkin,add_to_cart_fail,OOS,USR91709
2025-11-07 03:20:12,Div 1,25,SKU-BAN-001,Banana,add_to_cart_fail,OOS,USR56413
2025-11-07 11:04:33,Div 1,21,SKU-PUM-001,Pumpkin,add_to_cart_fail,OOS,USR21563
2025-11-07 15:46:52,Div 1,25,SKU-PUM-001,Pumpkin,add_to_cart_fail,LowStock,USR18906
2025-11-07 15:52:51,Div 1,28,SKU-PUM-001,Pumpkin,add_to_cart_fail,OOS,USR82430
2025-11-07 17:43:58,Div 1,21,SKU-PUM-001,Pumpkin,search_fail,OOS,USR43174
2025-11-08 07:15:41,Div 1,21,SKU-ORG-001,Orange,add_to_cart_fail,OOS,USR22289
2025-11-08 10:49:30,Div 1,8,SKU-BAN-001,Banana,add_to_cart_fail,LowStock,USR35032
2025-11-08 16:12:03,Div 1,21,SKU-ORG-001,Orange,add_to_cart_fail,OOS,USR54139
2025-11-09 03:19:03,Div 1,8,SKU-PUM-001,Pumpkin,add_to_cart_fail,LowStock,USR31675
2025-11-09 08:25:08,Div 1,32,SKU-WML-001,Watermelon,search_fail,OOS,USR86153
2025-11-09 09:07:23,Div 1,32,SKU-WML-001,Watermelon,add_to_cart_fail,OOS,USR44084
2025-11-09 09:46:58,Div 1,25,SKU-BER-001,Blueberry,search_fail,OOS,USR33669
2025-11-09 12:30:06,Div 1,2,SKU-BER-001,Blueberry,search_fail,OOS,USR84172
2025-11-10 03:09:32,Div 1,21,SKU-PUM-001,Pumpkin,search_fail,OOS,USR74174
2025-11-10 22:25:03,Div 1,30,SKU-PUM-001,Pumpkin,add_to_cart_fail,LowStock,USR93362
2025-11-10 23:18:35,Div 1,15,SKU-APP-002,Apple,add_to_cart_fail,OOS,USR98920
